Var1,Var2
-2.04771367985612,0.471381097122302
-2.04744655790054,0.465082072411062
-2.04741507790044,0.460173705977918
-2.0472563454114,0.453512520067232
-2.04721146679093,0.447569130537437
-2.04725186993654,0.441520683000143
-2.04718750168974,0.434630243750292
-2.04685173985909,0.426706472672614
-2.04695925534268,0.419727649275433
-2.04673509767276,0.411489646872111
-2.04635955681818,0.402262130681818
-2.04647950636375,0.394330451770644
-2.04632241297328,0.38540617715864
-2.04622221543931,0.37681747279278
-2.04607683532614,0.368232039977081
-2.04575257440046,0.358364065900992
-2.0457684760153,0.34912403967278
-2.04557088672832,0.339921431646731
-2.04556733117549,0.33075173672423
-2.04538533737146,0.321700203944219
-2.04522468080399,0.313695344191301
-2.04475809304921,0.305129399586317
-2.04467965880864,0.297515277878087
-2.04484717062692,0.290083190481762
-2.0443298770074,0.280859420828588
-2.04422839555068,0.271489064140776
-2.04388789434189,0.26053484549988
-2.04369070663929,0.249965454572047
-2.04342034500868,0.239129578087019
-2.04248486632152,0.226280935250835
-2.04230732236842,0.213954273325359
-2.04181663280924,0.200721447290106
-2.04179376798444,0.186986505846781
-2.04159131658177,0.172595144665563
-2.04107527986561,0.15796976069863
-2.04055440885914,0.143792820666489
-2.04042067575305,0.130368051195637
-2.04000739959471,0.11644988760976
-2.03977076881256,0.103534786126179
-2.0395647156654,0.0905996970497914
-2.03891883882732,0.0769716186207383
-2.0388105915233,0.0627425820884925
-2.03875258820306,0.0496213170387116
-2.03855129093772,0.0358726540109822
-2.03831782068917,0.0214558112609562
-2.03813934057483,0.00794524137268096
-2.03797356106587,-0.00523120087155576
-2.03757180990755,-0.0180548631862429
-2.03740321149057,-0.029622198452825
-2.03722922689895,-0.0400810322748744
-2.03700602888354,-0.0499921233811148
-2.03678681959439,-0.0588979656719615
-2.03651024939756,-0.0673128550455708
-2.03671089398423,-0.076304393109851
-2.03661482539796,-0.0864026545619412
-2.03645631202655,-0.0949081382055167
-2.03634670952302,-0.103069568660554
-2.0365347371453,-0.111248290493849
-2.03612721547568,-0.121109366028991
-2.03603047277625,-0.130604349449173
-2.03605433510524,-0.139337951296602
-2.03590812002361,-0.148298733161749
-2.03603013505831,-0.157299181217248
-2.03557062414447,-0.167251497279119
-2.03535260783529,-0.176468069659706
-2.03607236260749,-0.184463239965321
-2.03630562609522,-0.195174134397083
-2.03646725577803,-0.20756115784707
-2.03611522461568,-0.219083566213484
-2.03590630368643,-0.230196444560792
-2.0357706254275,-0.241772626599383
-2.03559358463237,-0.252818615632593
-2.03551088587303,-0.265156178806011
-2.03559780755582,-0.278919237443585
-2.03594723216152,-0.294361882805736
-2.03606246679303,-0.310011431046633
-2.0360419459559,-0.325244803673454
-2.0360376021978,-0.340214119780227
-2.03611207888781,-0.354918815033942
-2.0361828052307,-0.369518102930907
-2.03625809891274,-0.385291730231573
-2.03630933626686,-0.401618459375448
-2.03610298389224,-0.418049214656365
-2.03620391656064,-0.43331066234007
-2.03619018638157,-0.449196667520374
-2.03607320671199,-0.466267485751483
-2.03608749731897,-0.483695846174165
-2.03579480261572,-0.501602895857263
-2.03538021270531,-0.518756877048311
-2.03493140685668,-0.53558421237709
-2.03472102046024,-0.551573645546679
-2.03430820168108,-0.56644818981692
-2.03359337971158,-0.580789470790335
-2.03324525756421,-0.594249570439098
-2.03265430364309,-0.608063586879177
-2.03220560399421,-0.621855095301345
-2.0319591392356,-0.636275468375305
-2.03168254629845,-0.650530859571743
-2.03130061809207,-0.665538464177013
-2.03074786370054,-0.680445952370443
-2.03073214102992,-0.696193193576099
-2.03011477257703,-0.712827305556738
-2.02938629878885,-0.728546408935813
-2.02901873120969,-0.744185890013673
-2.02861149658416,-0.759254474236743
-2.02820154364542,-0.773469485322565
-2.02735083087758,-0.788762991471772
-2.02649117198487,-0.804285400274712
-2.02553753002448,-0.820133785143448
-2.02441214234299,-0.835884110919994
-2.02359131280361,-0.850701104645937
-2.02281618800842,-0.864884586955693
-2.0220091360867,-0.878035063060623
-2.02126176475934,-0.890612519216764
-2.02111587272421,-0.904004878330964
-2.01963186650689,-0.917028648172558
-2.01784568526872,-0.933121606559136
-2.01608475804696,-0.949967653983045
-2.01477157465868,-0.964461364138915
-2.01314889005522,-0.978140005270293
-2.01159438945476,-0.993622730497304
-2.00993419305673,-1.00826413373843
-2.00802073377204,-1.02264216092612
-2.0067436144991,-1.03490620251818
-2.00409279473346,-1.04561874691596
-2.00233634290348,-1.05557277987848
-2.00138974708507,-1.06541502826183
-1.99932235534928,-1.07438685644019
-1.99660060490364,-1.08357996948953
-1.99357539289576,-1.09341051742114
-1.99006805173597,-1.10430475544932
-1.98678483065782,-1.11524784329536
-1.98311910659998,-1.12678807847229
-1.98101733674102,-1.13785764547707
-1.97728221456516,-1.14973140888931
-1.97376599597045,-1.16144490300297
-1.96922272817933,-1.17326521646814
-1.96417658217812,-1.18493443420345
-1.95770801168474,-1.19584078845986
-1.95110534789576,-1.20780046258137
-1.94173787031418,-1.22019384866802
-1.93104531475301,-1.23328874928135
-1.92088386231755,-1.24691445720538
-1.91267106396702,-1.26148620992944
-1.90452011592435,-1.27457765618912
-1.89684517370036,-1.28637763396796
-1.88876408283195,-1.29890640908939
-1.88069179635048,-1.31203580030174
-1.87248337875413,-1.3246738155376
-1.86443484887806,-1.3368724193849
-1.85687792676513,-1.34867644537322
-1.84946796318559,-1.36033073169946
-1.84162013437105,-1.37273727387464
-1.83137330905546,-1.38691798182725
-1.8213943191608,-1.40203934241426
-1.81190195948461,-1.41660418525412
-1.80302273521526,-1.42956526568326
-1.79394997581233,-1.44245740748087
-1.78323329473834,-1.45681283165504
-1.77205143588558,-1.47182098622748
-1.76133113908097,-1.48625183369287
-1.75104318817429,-1.49938897464853
-1.7407552372676,-1.51252611560419
-1.73046728636093,-1.52566325655983
-1.72017933545424,-1.53880039751549
-1.70989138454755,-1.55193753847115
-1.69960343364087,-1.56507467942681
-1.68929401864437,-1.57835691803952
-1.67690827328371,-1.59163292586344
-1.66210796986495,-1.60422990483961
-1.64578674184887,-1.61567369965478
-1.62887412975699,-1.62601926816705
-1.61254891849266,-1.6361186273552
-1.59756551220002,-1.64754790539624
-1.58365855910042,-1.65889575692278
-1.57019006655266,-1.66957040872168
-1.55616203404255,-1.68073614491296
-1.5418906445649,-1.69196471616917
-1.52929735161391,-1.7016902950431
-1.51792967412402,-1.71055572701442
-1.50631626148703,-1.71952577130257
-1.49092148005719,-1.73045999391802
-1.47448897273711,-1.74279384260149
-1.45700022611897,-1.75583826348806
-1.44024587857543,-1.76806941499161
-1.42351531039843,-1.78031278198689
-1.40567031046729,-1.79296079096574
-1.3864832208738,-1.80662621130665
-1.36716837070452,-1.82029212453335
-1.34775922610891,-1.8332453979084
-1.32664526097171,-1.84677090931303
-1.30588477771333,-1.86037089976381
-1.28591692478147,-1.87301059482221
-1.26695843268129,-1.88526130290945
-1.2472206020474,-1.89690961079707
-1.22763609890161,-1.90860146585651
-1.20916401038874,-1.91991538768424
-1.1898997111276,-1.93078550648821
-1.17022897670248,-1.94151418736332
-1.15039643345701,-1.95220176726598
-1.13021955795392,-1.96293373375742
-1.10955218098497,-1.97288957119269
-1.08964539330288,-1.98172287853882
-1.06999835919038,-1.98971079135667
-1.05029040390654,-1.99671251577711
-1.03006261640634,-2.00295964204125
-1.00978976571824,-2.00886699513996
-0.989119762630692,-2.01433964978501
-0.970524737899552,-2.01940993083143
-0.951953527733837,-2.02450110351693
-0.933074922823124,-2.02859292662459
-0.911661645633958,-2.0324019056936
-0.888350878839218,-2.03500792752006
-0.864134930491268,-2.03654523373855
-0.841272843914361,-2.03811501850841
-0.818804417123778,-2.04036141330789
-0.795071780984875,-2.04179219636002
-0.770088061799869,-2.04388147411384
-0.745835576422249,-2.04538900540774
-0.721446574469016,-2.04748729343965
-0.698243495787288,-2.049080770079
-0.6769304900655,-2.05080654602597
-0.656416861531181,-2.05171273200378
-0.633659296563585,-2.05201161408935
-0.610165521414878,-2.05277158881076
-0.58748224140052,-2.05324856981311
-0.565796455254507,-2.05361185442598
-0.542683922006181,-2.0536155637454
-0.519693699414656,-2.05422679134153
-0.497974699531454,-2.05461220269771
-0.475988746941205,-2.0552180777672
-0.455653839100889,-2.05496609081168
-0.435233066490831,-2.05486686872543
-0.415574642390378,-2.05524796371453
-0.394572685188757,-2.05518661446456
-0.371724106607215,-2.05521480459715
-0.349244979139933,-2.05558366798765
-0.327222812382018,-2.05582291501645
-0.305765868504079,-2.05600535078866
-0.28381250266801,-2.05589333228916
-0.259660146016012,-2.05524595672894
-0.23500148532416,-2.05427693554172
-0.210985965195114,-2.05374425448338
-0.18769192901886,-2.05335330283093
-0.16467749337973,-2.05294069923075
-0.140184102779386,-2.05287809105385
-0.115643753985782,-2.0527803508056
-0.0912520312399852,-2.05240419802278
-0.0679253809909581,-2.05183436977608
-0.0449649824251119,-2.05110956975749
-0.0232990642904889,-2.05074132928285
-0.00153188363485927,-2.05083183670272
0.020564929127806,-2.05043948961527
0.0415371136110201,-2.05044544613279
0.0613461307864047,-2.05021085763957
0.0804549302698622,-2.05002306067182
0.0995099093375711,-2.05015097038534
0.117591452537495,-2.05007451727429
0.135613407205798,-2.049925724676
0.153591184192596,-2.04954777163253
0.171926938856976,-2.04889814394898
0.19096437938272,-2.04868421296296
0.210031461622116,-2.04856108170106
0.22941034376513,-2.04846404825114
0.248791294232202,-2.04850484509154
0.267969118959815,-2.04841402488639
0.285475984415343,-2.04825323372743
0.30207058457029,-2.04806742789693
0.318652960131345,-2.04787542028869
0.335974129295072,-2.04757771175818
0.354027138731049,-2.04693931992549
0.371968159384517,-2.0463711198535
0.389517461663447,-2.046034
0.406940928337291,-2.04579950226306
0.424688886145129,-2.04572106150796
0.443114459096254,-2.04565632135058
0.461942301824875,-2.04555983892734
0.480742130737724,-2.04538936467882
0.49935796580465,-2.04533059852295
0.51896643423388,-2.04528926942814
0.537948127053801,-2.04482110285193
0.557585788373038,-2.04412331428503
0.577195428984406,-2.04362826460706
0.596610427737216,-2.04303297356042
0.61650202097835,-2.04276787474015
0.636305244566765,-2.04215184729999
0.65628612745173,-2.04185947330448
0.675512768459486,-2.04140245894233
0.69371887729081,-2.0409930044368
0.710914342061063,-2.04065901847886
0.727455387926722,-2.04002547914334
0.742988487655649,-2.03959350721448
0.758480532954526,-2.0394347111758
0.774436322212142,-2.03889663333492
0.789291775022966,-2.0382900963381
0.804832351979142,-2.03803580327092
0.819861165971427,-2.037523400854
0.835474017559695,-2.03717436172765
0.852179810687125,-2.03672976225447
0.869031597943586,-2.03621886344684
0.886479326649464,-2.03559724604058
0.902978244870191,-2.03505641177493
0.919675118256446,-2.03466776450609
0.935955739891389,-2.03366147749005
0.953801112177792,-2.03281397885086
0.973786752799311,-2.03194068963537
0.995264049859575,-2.03090653648784
1.01525696337212,-2.02996249490575
1.03376961456539,-2.02897566254441
1.05154666430703,-2.02802605369929
1.06850723158443,-2.02704040440933
1.08848538215259,-2.02582155081744
1.11006145713124,-2.02486439481669
1.13109270253213,-2.02373920672811
1.15192316142136,-2.02217368533037
1.17169620096637,-2.02040376287892
1.19007732197997,-2.01841788980785
1.20733110680622,-2.01625174789139
1.22506811327175,-2.01336614991864
1.24233539533444,-2.00964589416806
1.26002604699558,-2.0059570938717
1.27682417668489,-2.00275571207601
1.29230744648273,-1.99967397876919
1.30661191775638,-1.99605588888489
1.32016393902671,-1.99152952587086
1.33336006223377,-1.98619131867735
1.34633352897102,-1.979626746473
1.35987150786402,-1.97184638788457
1.37280684341166,-1.96369260381287
1.38494998818895,-1.95503172817416
1.39690830508596,-1.94704042039629
1.40932804450787,-1.93905665917795
1.4217006406269,-1.93141580497224
1.43386257223532,-1.92424964771263
1.44469816110166,-1.91668278880613
1.45646474715398,-1.90934523187537
1.46777384106763,-1.90057244348004
1.47904411401551,-1.89047700145025
1.49004161864707,-1.88160201863748
1.49975438547722,-1.87333571883453
1.50959858424115,-1.86334966791965
1.52009772854395,-1.8523630957703
1.53090490609344,-1.84043724565238
1.54201305015916,-1.82868356743479
1.5525159927424,-1.81630467918426
1.56210990605116,-1.80391578571124
1.57179855038906,-1.79142152092216
1.58107635866171,-1.7786602012274
1.59103005351214,-1.76416055584733
1.60079275473444,-1.74853458749273
1.61080646400982,-1.73281845563497
1.6210948275705,-1.71793329336754
1.63158186090933,-1.70372911765747
1.64072854649551,-1.69000477070186
1.64929639201279,-1.67652954459759
1.65853721219619,-1.6621156252365
1.66727287239858,-1.64698284310495
1.67465544068339,-1.631218858837
1.68183750052923,-1.61554979039173
1.68865246521986,-1.60010677722707
1.69526002381679,-1.58540801473282
1.70092792798172,-1.57107857528924
1.70649566881906,-1.55652104017793
1.71138259119148,-1.54141362483528
1.7158448134304,-1.52614834449578
1.72006180937523,-1.51017009665481
1.7238890040057,-1.49388721879449
1.72844619515956,-1.47787195701362
1.73267878017189,-1.46160895085715
1.73689283889682,-1.44492743861135
1.74118442663216,-1.42862310921068
1.74465252514818,-1.41235895007136
1.74813503493182,-1.39634839999034
1.75073261274091,-1.3797927926137
1.75331836922636,-1.36373505359846
1.75566247179885,-1.34835570653335
1.75774213353922,-1.33315073872761
1.7601176745174,-1.3190511910324
1.76199972259304,-1.30585092177672
1.76417071951788,-1.29365382880373
1.76608905391744,-1.28132833340354
1.7678207699297,-1.2692126370427
1.76943660048818,-1.25679829295012
1.77115171348996,-1.24374000765916
1.77224568548142,-1.23179984505307
1.77334343643195,-1.21987366282875
1.77456952559897,-1.20700614508631
1.77582495067492,-1.19268457052868
1.77730498452943,-1.17737510829401
1.77871532691955,-1.16271725917964
1.78004797652361,-1.14834504813251
1.78142736777501,-1.13403648857337
1.78280810958593,-1.12020777779686
1.78398419354016,-1.10552821444965
1.7850580148668,-1.089516851332
1.7867309578617,-1.07476462817464
1.78765357862141,-1.05981793887275
1.78924328216528,-1.04414241782744
1.78993560601471,-1.02790158883051
1.79020216506702,-1.01232148589064
1.79104929869108,-0.997581365066877
1.79189266613834,-0.982860431182509
1.79275186114185,-0.967861197501745
1.79361230728731,-0.952636963078604
1.79437941416609,-0.9377259088123
1.7952736833571,-0.923050976704285
1.7961063250899,-0.908253289504391
1.79696155032238,-0.893469718379285
1.79754123002891,-0.878352273899004
1.79835900586381,-0.863871110686662
1.79921934863305,-0.85020537497018
1.79978326567632,-0.836291358038224
1.80017326594196,-0.822203275886183
1.80047520131445,-0.807628213901044
1.80105918139557,-0.792885944399521
1.80155930419961,-0.777534310727497
1.80217523714482,-0.761721542720817
1.80252398165357,-0.74540467028497
1.8032802163068,-0.729239413960331
1.80411298514692,-0.713491085653724
1.80437297831239,-0.698179513824057
1.80447489068996,-0.683253886532537
1.80501921664107,-0.668662722390645
1.80635298153868,-0.654706195689971
1.80716557447694,-0.641448279585809
1.80820476914184,-0.630066411027123
1.8110912877751,-0.619613068081781
1.81511438983651,-0.609469263162426
1.81834506506157,-0.599711691858119
1.81901155974399,-0.590308532522017
1.82033062218391,-0.58044474703632
1.82290956119655,-0.569545597214613
1.82487329543068,-0.557529336881748
1.8275271848294,-0.545775183024725
1.83125357209393,-0.534649381199866
1.83607734322305,-0.523885872785486
1.84111104998337,-0.51396253135009
1.84676399909691,-0.504990883773544
1.85326913656883,-0.496478766136964
1.86108224803227,-0.487609630391614
1.87045234696616,-0.477216796213887
1.88163630032173,-0.466041406758748
1.89140114169544,-0.454484498830067
1.90134923732661,-0.441638249327655
1.91044700621829,-0.429800307658117
1.91858014006561,-0.41894735494145
1.92762545948321,-0.407757384699322
1.93763085992664,-0.396442404089015
1.94687182931515,-0.385643117074687
1.95559006974297,-0.374768769011707
1.96733509995155,-0.363859818507752
1.97939515709898,-0.352753513588292
1.99168963708282,-0.340776627358873
2.00534182059781,-0.328012997774004
2.01981861786547,-0.314912992959493
2.03356776962674,-0.302399215648718
2.04588403913874,-0.290535575839151
2.05796128946776,-0.279245144786594
2.06924575400567,-0.268215961662801
2.07946674960009,-0.258522107348075
2.08848200215528,-0.24996239067963
2.09716391018299,-0.241624113067813
2.10668133075162,-0.232743755934141
2.1165257664741,-0.22289440611335
2.12644793089475,-0.213462123913513
2.13672446200667,-0.203468229022753
2.14692198803498,-0.193448791396323
2.15703168536621,-0.184933653748554
2.16610642585354,-0.176148021675875
2.17535767015992,-0.166601931985314
2.18480323294084,-0.15697523535373
2.19389789351169,-0.147486636045126
2.20247554117141,-0.138073021525218
2.21098850245624,-0.129924792611937
2.21929876406816,-0.121688491559813
2.22804594478499,-0.112311187773649
2.23692915417798,-0.100473443301664
2.24650646512019,-0.0885264508374749
2.2554842899957,-0.078246394847578
2.26294316922928,-0.0693680850654404
2.26977492729383,-0.0594814203406695
2.27802190641348,-0.0475181105073879
2.28623657667804,-0.0361247734854036
2.29399604196882,-0.0241791616108613
2.30190116874315,-0.0117492867647783
2.30912802412921,0.00145455059350068
2.31641768301842,0.0140820674755449
2.32270096949454,0.0267680341121442
2.32813711106547,0.0398861887094956
2.33274036380134,0.053316390936005
2.33702317894989,0.0657458625284057
2.340160744907,0.0796948360496053
2.34390379031597,0.0933435379849833
2.34805446649934,0.106448193955539
2.35166367687943,0.120612151773046
2.35542208210115,0.134931847428894
2.35901354120155,0.149229314062434
2.36237453812084,0.164241515717058
2.36512704444444,0.179659562962956
2.36745810274434,0.195333411068846
2.3695397619318,0.210846606209034
2.37158046893393,0.224801245151141
2.37389638416248,0.239207056418209
2.37567450841522,0.252179925056111
2.37683024970749,0.26679223071334
2.37813103518374,0.282666974394058
2.37969436901975,0.298130248646323
2.38279498971151,0.310744756452151
2.38333336155487,0.322558620162848
2.38222685738264,0.335854528865362
2.3827006437169,0.348649996027925
2.38320026921796,0.359963058372184
2.38289611576667,0.372924362682813
2.3819912528845,0.386880649810866
2.37945635082873,0.401797694541244
2.37659368086706,0.415881744465728
2.37360690222947,0.428536038108331
2.37040540835712,0.441594058084615
2.36674468513265,0.455719909551853
2.36381913593076,0.468709063616201
2.36128221626109,0.481652127792799
2.35875178276516,0.494592302900466
2.35616373436509,0.507075052212604
2.35321990102497,0.5199629575869
2.34920897551928,0.533440977269928
2.34314199278765,0.548223497628152
2.33598837117134,0.563222542661296
2.32726068130128,0.578388353919394
2.31893327850883,0.592361991882627
2.31051088813146,0.605799020499314
2.30344900612477,0.618595730035134
2.29619624476039,0.630875656874505
2.28804134190877,0.6435042930973
2.27960865981912,0.656052132898136
2.27060388649003,0.668289211632092
2.26089491459429,0.680686114155135
2.25195282501548,0.692812075379783
2.24306332226009,0.705160236330475
2.2337781943979,0.717699454430645
2.22482360086505,0.729682179152247
2.21655620112569,0.740982897287243
2.20884215432185,0.752364619970669
2.20103549422519,0.763247873457153
2.1937925605993,0.773684335585484
2.1873897591332,0.783470820708984
2.17991290195477,0.792864116720507
2.17166615987906,0.802040950827857
2.1622801549327,0.811551738730816
2.15208123180534,0.821990551436783
2.14327858957477,0.831721232364768
2.13353024322231,0.841053549573974
2.12238697268567,0.8511598335113
2.10988949341406,0.861865474827583
2.09706568513569,0.873262673876058
2.08498401994802,0.885045933830493
2.07396905379225,0.895267457700495
2.0642333629404,0.904432402274297
2.05380677321389,0.914280041540794
2.04214550087887,0.925291074742066
2.02979315078035,0.937046694624275
2.01698393027562,0.948584086318638
2.00448143559465,0.960045701268823
1.99250709604382,0.971409187085869
1.98105643946631,0.981781379632725
1.97088282681286,0.99123390000718
1.96126329033897,1.00045767053785
1.95210899462025,1.00895569390823
1.94258295533098,1.01778923646567
1.93277509698063,1.02724446777827
1.92184786966903,1.0380680502685
1.91008899228655,1.04930595391216
1.89902115719197,1.06130384264088
1.88727102431524,1.07399767139411
1.87484296223767,1.084285356839
1.86533856870269,1.09428208736015
1.85709719367654,1.10486094802185
1.84859268079593,1.11473061521491
1.83946398187853,1.12297794197953
1.83007822305216,1.12930841004507
1.82293804953774,1.13550791109434
1.81832615590831,1.14347620957222
1.81422504027029,1.15170026196535
1.81016608822583,1.15860840240212
1.80617869324318,1.16539872454645
1.80269979585354,1.17366724848312
1.79959438781203,1.18356638603242
1.79690191703711,1.19392986922376
1.79448853733838,1.20354101040551
1.79224609053225,1.21348635123017
1.78908520687321,1.22405569740705
1.78491595054251,1.23470863517348
1.78047462574513,1.24621431382308
1.77564477495569,1.25911270333893
1.77109594997387,1.27385225486338
1.76681155770137,1.28993631663861
1.76363376353982,1.3067601959646
1.76085032465705,1.32420741284621
1.7583774279192,1.34177480210216
1.7557045314351,1.35893573310497
1.75216478168254,1.37676707145873
1.74874553433765,1.39449637098333
1.74597743138655,1.41347947141226
1.74387721067541,1.43271109944734
1.74254259315387,1.45085374288468
1.74100080912257,1.46673706913497
1.7398881250356,1.48188688407861
1.73850593694523,1.49732433517091
1.73669181048336,1.51186293952014
1.73557854578,1.52817570787323
1.73524650499772,1.54546358043139
1.73506643298344,1.56292167256551
1.73451561898018,1.57846511900395
1.73412905175401,1.59229485136423
1.73277934113734,1.60721849303127
1.73124379541774,1.62466797186843
1.72964322088487,1.64183906398668
1.72793462119174,1.65825786182253
1.72624683932544,1.67480422719576
1.72465036575997,1.69238100890761
1.72262409642496,1.71057431245729
1.72055303982614,1.72812068541987
1.7189048437071,1.74520782612166
1.7167069291283,1.7614921559521
1.71518229672692,1.77635192643046
1.71565635711763,1.78985683691704
1.71721537360595,1.80299241759603
1.7171530772093,1.81629964930233
1.71468559210385,1.83008169044213
1.71142242686511,1.84484016086552
1.7079983089255,1.85918815560172
1.70517493709062,1.87195815380991
1.70225279318198,1.88408431508684
1.69953229689906,1.89663936705051
1.69629264833149,1.90996361426993
1.69274031422068,1.92404266139766
1.68917471033293,1.93808623102006
1.68558313797903,1.95242034657293
1.68382229128067,1.96660690790958
1.68425157820614,1.98114724421107
1.68234786887395,1.99315506645213
1.67718007444592,2.00434724313317
1.67290727256333,2.01497486953867
1.66906436116715,2.02521639097672
1.66267821346605,2.03832565572242
1.65619686924331,2.05270909153063
1.64947036362769,2.06708515209198
1.64336832930483,2.08045716850103
1.63791357257345,2.09242939357169
1.63257926701616,2.10391044334649
1.62725814967108,2.11378788966405
1.62129247376377,2.12261042776938
1.61433623136288,2.13137469576203
1.60661370185005,2.14000572969815
1.59786790832572,2.14886792159107
1.58821607803773,2.15876296126493
1.57741468082457,2.16912727346949
1.566668816498,2.18069469614853
1.55482584356098,2.19348256691751
1.5430555903498,2.20611034835095
1.53116891608869,2.21894568993746
1.51950533062998,2.23141245743964
1.50860789190324,2.24271669365905
1.49817007013786,2.25332887022373
1.48720324572473,2.26315376038519
1.47506065002751,2.27274802868007
1.46238477462274,2.28142679385443
1.44899160050127,2.28960397105483
1.43548356844898,2.29764454189433
1.42188356135174,2.30564924699017
1.40819195821249,2.3139641262171
1.39406874848478,2.32235964162289
1.38010434902996,2.33092711523067
1.36572913152488,2.33904179909019
1.3518642170132,2.34663565359347
1.34017396003988,2.35305917202744
1.32942973240532,2.35865429864198
1.31783428958931,2.36289816184664
1.30613839109563,2.3671199234375
1.29389940865504,2.37074452192832
1.27952533846631,2.37340079298923
1.26623200973675,2.37629182726289
1.25272744636074,2.37901356842498
1.23760875673604,2.38171554436065
1.22192602543939,2.38376147083465
1.20660565672526,2.38536312653802
1.1923290270636,2.38767958231845
1.17899496877918,2.39056859853236
1.16686899671584,2.3925203441694
1.15388099515684,2.39400943737248
1.14105704048,2.39503543200733
1.12837577743311,2.39603645443971
1.11567695528028,2.39702203867547
1.10355081143678,2.39789685194008
1.09123124089453,2.39820828117655
1.07852705395747,2.39871488540352
1.06571242867416,2.3987448897332
1.05300453396867,2.39943253612663
1.04046832905381,2.40044760931631
1.02911302818606,2.40093677681563
1.01822418510629,2.40139805972502
1.00635904899882,2.40190750341578
0.993727432137327,2.40243255754387
0.979550742584631,2.4028191635918
0.964086110723964,2.40249200273191
0.948636397663953,2.40202063485096
0.932618075559181,2.40112534939681
0.915885406723605,2.39991137420475
0.899470344944608,2.39818862736743
0.882974483290362,2.39634961360554
0.866381942575437,2.39425168491328
0.850060183904223,2.39231474426339
0.834323107456731,2.39096046091209
0.819652565905625,2.38943500761035
0.8051805503674,2.3882149315578
0.790881830806837,2.38655589144766
0.776368104222265,2.38471888965402
0.761799930745789,2.38237223991584
0.74628469944128,2.37958792584529
0.730031711087473,2.37650282706959
0.713685488613066,2.37279307393678
0.697126809520392,2.36865279447434
0.68103279721481,2.36464786989402
0.666853812611057,2.36133310293303
0.654004534995975,2.35815220680859
0.64178938606254,2.35434821856283
0.629704267038622,2.3499144648646
0.617877292867441,2.34547978632119
0.60662549969248,2.34178093018451
0.594936363800263,2.33821155890686
0.582370957093673,2.33264609927366
0.569178230084293,2.3260706155764
0.556747782614717,2.31967216638559
0.544320791864337,2.31440355723104
0.531913412990138,2.30884977482985
0.519516353042573,2.3030780947221
0.507038058155564,2.29765030416598
0.494941145651603,2.29202474046538
0.482522466516025,2.2860527630625
0.470089190758553,2.27941523482404
0.456853149677225,2.27229491771406
0.444171106190906,2.26498174442913
0.432237608230489,2.25721828277755
0.420439800033545,2.2493489937837
0.408810603215303,2.24160937187559
0.397319273771228,2.23341643142179
0.386389675230707,2.22508103259554
0.375574322275555,2.2163195408203
0.365230133882064,2.20668955371224
0.355136142587219,2.19765356017621
0.344819667336339,2.18882986376576
0.334720217826025,2.18037809941437
0.324521926424418,2.17195515969908
0.314576722379843,2.16340069650008
0.304390134423881,2.15483663575969
0.294037631735668,2.14567247206465
0.284137886245353,2.13555321115242
0.273389254014596,2.12413353777014
0.26317277361129,2.11169880067291
0.252763013771409,2.0989198522037
0.242537048867527,2.08623559327384
0.232395991705447,2.0733324176211
0.221859138831082,2.06095494799024
0.21153000457812,2.04847499590103
0.200795099264026,2.03610970969262
0.190362686748192,2.02273279041726
0.180149046653432,2.01033609061259
0.170352791455663,1.99840906564669
0.160995287693296,1.98635991478763
0.152974930500795,1.97321302818202
0.145665040314089,1.96018897153311
0.139065543841508,1.94888755223144
0.132625612941513,1.93921710671006
0.126170695400636,1.92921531775121
0.119743445296482,1.91720503711687
0.112594575168331,1.90652439126762
0.105146314621721,1.89460975343998
0.0975883395157118,1.88185422057983
0.0896123305604454,1.86714462429408
0.0814852273769304,1.85186402269126
0.0739629400636731,1.83782999290894
0.0668651278271067,1.82392723303736
0.0598229161385885,1.80861566849223
0.0526313664645042,1.79251242104254
0.0456400063492787,1.77698941200057
0.0389357310374617,1.76128144372083
0.0323575684567931,1.74684723721965
0.026505762070557,1.73252315112937
0.0212328517038035,1.71915875764048
0.0167256309090022,1.70526492316282
0.0123986039856782,1.6925087912547
0.00843399942619423,1.68045430913786
0.00513447916287482,1.66884807106939
0.00163519430724564,1.65672319575295
-0.00196422519797274,1.64439493440181
-0.005073001256966,1.63180219250106
-0.00794320879863004,1.6187581847037
-0.0102570028646275,1.60484340352791
-0.0120216202630585,1.59033815926419
-0.0134915952690247,1.57626524471659
-0.0147050045030018,1.56260533579528
-0.0160766748011999,1.54924177998667
-0.0178531554331622,1.5359957052624
-0.019938431120721,1.52269736357477
-0.0217271692440197,1.51003067006698
-0.0230839922685097,1.4973030151202
-0.0241088091743552,1.48375961917459
-0.0252111392978484,1.46946134898074
-0.0255849528680454,1.45538894111745
-0.0259559092926102,1.4409618801992
-0.0253124203438404,1.42657692581183
-0.0247053800253616,1.4117717070496
-0.0234391238635266,1.39673150564152
-0.022337713509918,1.38155204590093
-0.0210801301137878,1.36701721983909
-0.0201186775975264,1.35334588219789
-0.0198135754908599,1.34014232633717
-0.0187213134091174,1.32807290328841
-0.0183432286185611,1.31515508026582
-0.0167054256029153,1.30112765932359
-0.0136985458475063,1.28659648964872
-0.0106695592534071,1.27176526891171
-0.00787272955577157,1.25647162770422
-0.00534278514351825,1.24207291302899
-0.00327837566932676,1.22766156101455
0.000189394774587842,1.2125957137161
0.00402731373475754,1.1970645356839
0.00717226812637046,1.18207658782998
0.0100562543278013,1.16820922937572
0.0139414039534925,1.15427331328487
0.0192408003236531,1.14069777706324
0.0243474281331131,1.12752507859334
0.0289743454770275,1.11376418349077
0.0325647657382618,1.10128169716737
0.0367038806781948,1.08969821116787
0.0410085222690705,1.07819160124584
0.0450216301793593,1.06710064334356
0.0486780341805111,1.05664586809598
0.0530146847178818,1.04638037234595
0.0582735424487297,1.03579759458813
0.0640132687565318,1.02421848110583
0.0698875795572258,1.01220688188673
0.0756183532390802,1.00051078190055
0.080737612431196,0.988975641716076
0.0855167106752623,0.977848090547382
0.0905227875660838,0.966698871742695
0.096009523255814,0.955155248504983
0.101942019980478,0.943055367867429
0.108668072727276,0.930239484819549
0.116130656790187,0.91691506402069
0.123598556937761,0.903335520610529
0.131010797871592,0.88965846253018
0.13846384101765,0.876153634835984
0.145270598935819,0.863221818043607
0.151838967672397,0.850998319604263
0.15815215296054,0.839249341585777
0.164460291560285,0.827877282493021
0.170576972555731,0.816735739141592
0.176560947198879,0.805953121129661
0.182549965155891,0.79470385153283
0.188750791683978,0.783217445761476
0.195166143905796,0.771981123566295
0.201635934948462,0.76050255447827
0.208142506258696,0.749171140109846
0.214827563350288,0.737705424484306
0.221534091853919,0.726543412090622
0.228108047199898,0.715027526980482
0.235066372336836,0.703299345236306
0.241501724850802,0.692188721161479
0.247396000492014,0.682039191976083
0.252331061191275,0.673007824396795
0.25713878351672,0.6648314525145
0.262075302164399,0.656362803972871
0.266957983397695,0.648036943294398
0.271774579295033,0.639935499196743
0.276978883021649,0.631329782746337
0.281907143381559,0.622554440725545
0.286452088493606,0.61438192157745
0.290942148144997,0.607041835733368
0.295253228117572,0.599526828479021
0.299751197842404,0.591882204708358
0.304933444462896,0.583359556865629
0.310836843300154,0.573408945252677
0.317378127687253,0.562459956828981
0.324487139284765,0.550855633460382
0.33188929644632,0.538817887800905
0.339807370132496,0.525797146245153
0.348131389463297,0.511668379029981
0.356897715929401,0.497171446720412
0.365819508583234,0.482434686583124
0.374810365061067,0.467769253726483
0.383412456183379,0.452846623620413
0.391894947619162,0.438485978055902
0.40058359501405,0.423976906791939
0.408983802816706,0.40982259115908
0.417245971949208,0.395845659438682
0.42574476825457,0.381750980395871
0.434230911982822,0.367871683235501
0.442537017047247,0.354083220776321
0.45067392255055,0.340564202629709
0.458699122959631,0.327029949127254
0.466451454123858,0.314155958047945
0.473701006628958,0.301805210303396
0.48084149093748,0.28946062849662
0.488178008390979,0.276817336087384
0.495420496532853,0.263920570540883
0.50312395819482,0.250995456436993
0.511013733326995,0.237394964666156
0.519183966037206,0.223789173934972
0.527490030503031,0.209235348279112
0.536481677500552,0.193709092731597
0.545843310734998,0.177508043082022
0.555174201648064,0.161465443865277
0.564193776483242,0.145326942906973
0.572395595040742,0.131027366739866
0.579745685025832,0.118136454818006
0.58729075118597,0.10534179354545
0.594421693265465,0.0925446537589988
0.601327764188385,0.0807316401243075
0.607746294271071,0.0696510330789691
0.613712113297469,0.0591812780937652
0.619137139834364,0.0498403284031261
0.624192670223876,0.0410538770998716
0.629706184888009,0.0315519238020934
0.635572949488271,0.0211210361736224
0.641799348228211,0.0104949595428149
0.648018932945308,-8.54927124921834e-05
0.654038095348177,-0.0100270565798221
0.659831099393561,-0.0199589321510595
0.66567936037468,-0.0304744909122103
0.672468948638676,-0.0424803065243908
0.67921732252825,-0.0543980804696383
0.686074510014425,-0.0670031753365414
0.693091513375589,-0.0797715104822996
0.700038099090742,-0.092557986702036
0.706902813359965,-0.10500961749508
0.713336174252774,-0.117339991059658
0.719641904689637,-0.129134269590425
0.725735121151953,-0.140768350880163
0.731777825794762,-0.152478661253019
0.737466374006194,-0.163795826469898
0.742697733141183,-0.174602353517067
0.747282912195826,-0.184814198683612
0.751519652328183,-0.194345303891925
0.755265140804351,-0.203916060359847
0.758975479673203,-0.214084008610868
0.762885408123837,-0.225223776487144
0.767065818872268,-0.237253224554088
0.771271815281895,-0.250092232597318
0.775462372769172,-0.264211842837787
0.779013094962832,-0.279552811599328
0.782074233108108,-0.295584801061776
0.785595751205035,-0.310519106180699
0.789428329584076,-0.324631329778416
0.793443646438481,-0.338003656371671
0.797039788457001,-0.351222256931009
0.801095613398631,-0.36542618952073
0.806460867126128,-0.37931931909008
0.813085704351149,-0.392306142315685
0.817650200000002,-0.404481600000008
0.819875485845431,-0.415690124411238
0.821669888202984,-0.427664825499441
0.823787553517517,-0.439915218684138
0.825999857801283,-0.451214926012257
0.827655946117585,-0.46193333449599
0.829490560389337,-0.472953153909823
0.831414902470648,-0.483777115320896
0.833059135885077,-0.494844724354746
0.834371212165895,-0.50643037708509
0.836486963519264,-0.517154055807072
0.838359912811124,-0.526200332862694
0.839497276592699,-0.535406856836077
0.840562736652789,-0.544169498551209
0.842473778041657,-0.552535265219563
0.844647825198883,-0.560390932229633
0.846075192871118,-0.568347703383126
0.846684504383852,-0.577330268619327
0.846560576404814,-0.586575522401215
0.846267002537342,-0.595806872347764
0.846068693383842,-0.605154532437526
0.845496398072738,-0.614596582238598
0.844116658152845,-0.623814407654875
0.842080946767133,-0.63300356640115
0.839289865770222,-0.642033764423195
0.835387036369689,-0.65071001897467
0.830984821016767,-0.659535052253677
0.827314032662029,-0.668782033247895
0.825263719302886,-0.678153865460731
0.823923788988024,-0.687346561763448
0.821710363750324,-0.697309804432468
0.819039731469932,-0.708947141790307
0.816640486954892,-0.720734251955595
0.814475852456089,-0.732432833492572
0.811751404445588,-0.743611835541299
0.809696906166993,-0.753850528282955
0.807933270734424,-0.763185062249528
0.805291686150907,-0.772780917311366
0.801710801646407,-0.783154781725842
0.798099057990799,-0.793232433551202
0.794219253250492,-0.802156903845487
0.789774375719044,-0.810788837440936
0.784486154876716,-0.819843366098152
0.779365864105434,-0.829175677336135
0.775161206373196,-0.839086539786763
0.771247782735674,-0.849124723610064
0.767520873920976,-0.860675645848652
0.764259905365992,-0.872296840395514
0.760992849371277,-0.883995728060889
0.757479633173811,-0.895561447789055
0.751325978537966,-0.906167344599013
0.74438006754872,-0.917301379010775
0.737699482420611,-0.928538960718993
0.731132990015599,-0.939367456825276
0.723751433700965,-0.949856880521727
0.715680792368876,-0.959739032814691
0.707759859893688,-0.968576307649198
0.701560847226235,-0.975156891047867
0.696233410683975,-0.980207236422648
0.692329546020414,-0.984378573359985
0.688903556992221,-0.988505804580376
0.685260370609027,-0.993530242914428
0.682941294895093,-0.999923036133204
0.681444471474084,-1.00496979380409
0.68018421701835,-1.00839500862061
0.676898181014774,-1.01186681415523
0.673116176949733,-1.01519924897345
0.66959905053287,-1.01849829433601
0.664773729129037,-1.02218513724925
0.658367258167695,-1.02610396835336
0.650255425002945,-1.03075308317482
0.641380524842691,-1.03438263252092
0.631925344602638,-1.038312442098
0.624134155084744,-1.04254434932203
0.617912661539199,-1.04792578944657
0.611648488064885,-1.05312031048313
0.604428834649699,-1.05802801757168
0.596916818210225,-1.0634997431916
0.587855795922286,-1.07000100886146
0.577627678971718,-1.07759406951157
0.565824898985144,-1.08565393531292
0.553457439742907,-1.09401008873126
0.541238958399357,-1.10240689305395
0.529720487788951,-1.10980524175049
0.518654634439091,-1.11639894430086
0.50932176323726,-1.12222980936361
0.500879134362649,-1.12752448937882
0.492841234877475,-1.13226972550091
0.483570433523109,-1.13526669807971
0.473726723228492,-1.13695952637363
0.463422983440756,-1.13779434729681
0.45249104902776,-1.13886413649998
0.442289503829928,-1.14021892646539
0.432571511269144,-1.14315379462468
0.422260545388997,-1.14636527094388
0.411318470818907,-1.14963236901192
0.400150790902217,-1.15353354299736
0.388735942460028,-1.1569682204646
0.377440605417979,-1.1595009623068
0.36630181171218,-1.16160505864209
0.356892168764607,-1.16327435824784
0.350567377325117,-1.16419389967649
0.345348777146913,-1.16501125904897
0.341380612909156,-1.16629711697109
0.339224911103176,-1.16718564898727
0.337633259775399,-1.16714608113402
0.334752968565134,-1.1653031998277
0.330228877283173,-1.16277758432636
0.325704706435156,-1.15986462967309
0.321142404868688,-1.15727496513251
0.316140500259738,-1.15448486706493
0.310690293854351,-1.15277168699527
0.304756485553489,-1.15126938380389
0.298185991976801,-1.15072653561312
0.29115349297872,-1.15001676353191
0.283020315151355,-1.14942806982161
0.274404628719903,-1.14921151582453
0.264975469560221,-1.14930195152139
0.256054941742792,-1.14978493975482
0.247760444972117,-1.14783700451836
0.239422653033105,-1.14479182996532
0.231374084977979,-1.14141047434916
0.223527355672033,-1.13849896368401
0.214986812111072,-1.134376631181
0.205297261919734,-1.12870907376735
0.195412408027589,-1.12244335860289
0.185687596635881,-1.11670896922196
0.175743875609989,-1.11211528815424
0.165664992384642,-1.10808280602623
0.15555560946531,-1.10380991089844
0.14599801629552,-1.0994721641924
0.137137421335927,-1.09558675239749
0.12847154875,-1.09149481009434
0.120237379511304,-1.08665867418751
0.113338601270681,-1.08295619053625
0.107606289548377,-1.08019894755762
0.10102807612223,-1.0764361291866
0.0929680187800262,-1.07143975721842
0.0845702993532471,-1.0660706630973
0.076153411660491,-1.06077366242648
0.0674198432141534,-1.05414237391386
0.0583952023250421,-1.04638177892732
0.0483482446259774,-1.03857484278212
0.0380746809295545,-1.03065370970225
0.0273158799677727,-1.0225048318857
0.0160094647012347,-1.01479170869178
0.00407132005187922,-1.0073700580673
-0.00759410387791912,-0.999711077700778
-0.0191896573029713,-0.992198053940621
-0.0308246257227612,-0.983546425447642
-0.0426740546373498,-0.974809204370607
-0.0545301304638215,-0.965419724672672
-0.0661068205473522,-0.955237579673897
-0.0783251458145283,-0.944009185426665
-0.0915746047867775,-0.933726630055116
-0.105067605971226,-0.924870685301061
-0.116329160927808,-0.913053824113228
-0.127440586538228,-0.898972989663456
-0.138737333491037,-0.884268549141313
-0.149658770012155,-0.872389719203368
-0.159079965409291,-0.863029701572298
-0.167605536080111,-0.853048129526172
-0.177130321492773,-0.842598492054361
-0.186824143155275,-0.831530019115882
-0.197513779497973,-0.822169578245274
-0.208295675992098,-0.814963288355267
-0.216239280274425,-0.806507086644496
-0.224305527971188,-0.79500363030012
-0.232735075805185,-0.78345859660047
-0.240666423628204,-0.773647210726849
-0.247903508298461,-0.763872334478273
-0.256723194400529,-0.752895339419855
-0.265921266688839,-0.741062492184159
-0.274309687986715,-0.730314457041165
-0.282037074845701,-0.719426231574711
-0.289838915318736,-0.709674495402405
-0.29743897849223,-0.699502096312468
-0.305225725155243,-0.68858271142728
-0.312857769267788,-0.677636855321756
-0.320920890463402,-0.665579895548301
-0.32957178554143,-0.653455935813613
-0.337822255054986,-0.64178148774312
-0.345557252949011,-0.630316628519787
-0.352850660263147,-0.619437892838206
-0.360085417010887,-0.607980910264856
-0.366852450510391,-0.595555109957876
-0.373293113857932,-0.583802016968879
-0.380065749411934,-0.57248408919399
-0.38672318080951,-0.561175167015742
-0.393504789460163,-0.550282238095686
-0.400207096338303,-0.539249114877455
-0.407272462182368,-0.528226390321366
-0.415748234686312,-0.517078777416346
-0.424556228823531,-0.50603426773109
-0.432295430184297,-0.494481590270624
-0.439038449059121,-0.48271487270607
-0.443996290505447,-0.470317317895675
-0.44869585263919,-0.45862403637021
-0.453249439842012,-0.447588894736083
-0.457851205942497,-0.436803245139917
-0.46232313228309,-0.426790368286057
-0.466554599123678,-0.416719446501757
-0.471127618383268,-0.405677868191825
-0.476326211871952,-0.395656003170294
-0.482311650950139,-0.38695052670381
-0.488167042943735,-0.378170837054354
-0.49281077711532,-0.369090741064995
-0.496264575212642,-0.358486762574928
-0.500239781998696,-0.346945933299149
-0.504533134968643,-0.335907214439019
-0.5081079048354,-0.324763334414152
-0.511434733769917,-0.311703876498452
-0.51515365444311,-0.297010194422855
-0.518774999409496,-0.283021731034808
-0.522537353994708,-0.26958267418639
-0.525258356530172,-0.25655305319345
-0.527169477448796,-0.24309933025754
-0.529814807105628,-0.229673207287333
-0.532447527119327,-0.217006947884818
-0.534522856833347,-0.204059128330577
-0.537352329871561,-0.1904256931474
-0.54037665503302,-0.177201350056593
-0.544128070149866,-0.163966426912039
-0.545701631617086,-0.148466821357739
-0.54580302940401,-0.130877442806696
-0.543529898138909,-0.112807976112804
-0.540762507020189,-0.0945048205840569
-0.538571119438275,-0.0749593820305223
-0.537748727059326,-0.0554329518328786
-0.537526436506587,-0.038139456141089
-0.536598586527586,-0.0228432996103117
-0.536578137047234,-0.00727810474729745
-0.536181985493639,0.00989737441904136
-0.53585520470577,0.0266316994859078
-0.535790397642333,0.0415713303986102
-0.535489999764773,0.0541238704430982
-0.535329675457496,0.0658357571200179
-0.534462165952398,0.0768686879010193
-0.53338233138422,0.0877751998523906
-0.532435752098201,0.098797524426687
-0.532427284971827,0.109922036157018
-0.53227331900803,0.121183669200448
-0.532300645183986,0.132530043622036
-0.532302310560608,0.143703760664426
-0.532295118911551,0.155505944683298
-0.532351137032246,0.167230570694083
-0.532253925430889,0.178555033674214
-0.532213313027788,0.18926016066402
-0.532345052414912,0.200189754745155
-0.532488401654518,0.212196258195862
-0.532773251741152,0.225140475614358
-0.532834483323389,0.238918254500335
-0.533200644631186,0.253336437441643
-0.533267982639135,0.267490480418178
-0.533448875601343,0.28147132559778
-0.533365200812266,0.295335912977035
-0.533092823594153,0.308693427146277
-0.533223351689132,0.321776694591424
-0.533052883192295,0.334462841759786
-0.53309756745363,0.346838660624003
-0.532927875693335,0.359771634028863
-0.53293024733406,0.372645328591202
-0.532812557023891,0.385415745593015
-0.5330194,0.397870800000003
-0.533048605372127,0.409955306311066
-0.533338152177561,0.421782352211125
-0.533362691102477,0.432953413302584
-0.53349839011529,0.443529939646701
-0.533689063253525,0.45384566248534
-0.533937561820866,0.464323321546598
-0.534138461127513,0.475296429352172
-0.534235571804684,0.487069739162045
-0.534281018315981,0.499030694240138
-0.534131036713698,0.511330859538978
-0.534130788750119,0.524220034636291
-0.534184048568353,0.536581059648375
-0.534079524995234,0.548395640076274
-0.534080385848944,0.559886266412123
-0.53407994194953,0.570953592162298
-0.534023424012728,0.581760172895448
-0.534211157756506,0.5919153668671
-0.534232043370389,0.601880339481854
-0.534368918527158,0.611572731089637
-0.534544261896004,0.620922377161012
-0.534767684843854,0.630272754044508
-0.534898035749356,0.63979224351758
-0.535238691515716,0.649981974253607
-0.535667609057346,0.661058724491753
-0.535821373277311,0.672596492384156
-0.536078280138959,0.684000528726776
-0.536225487224919,0.694670228790721
-0.536043782415843,0.704270579380463
-0.536112604357575,0.712714436488594
-0.536270686321754,0.720756398942884
-0.536440379080825,0.728759633569501
-0.536580559308069,0.737275337475613
-0.53665864158519,0.746370641002825
-0.536912983644972,0.755792718903926
-0.537062108583302,0.765042566631641
-0.537326983656397,0.774116339816921
-0.537489301033083,0.782955139710743
-0.537921153166886,0.791288969351339
-0.538192461546075,0.799122345540928
-0.538439713026062,0.8066798400248
-0.538882278406579,0.814774452309086
-0.539338032787901,0.823548597160897
-0.539676423817972,0.83216280888385
-0.540107483019591,0.840726721224314
-0.540389490601201,0.849405933919873
-0.540685844415281,0.858925324942141
-0.541373877341191,0.867857298555103
-0.541705991054589,0.876593709950818
-0.542068815245154,0.885432984274052
-0.542343486412966,0.894227899713154
-0.542644597957298,0.903184010668503
-0.543050058290452,0.912800044015635
-0.543382759998271,0.922966834814568
-0.543993411505855,0.934751569276285
-0.544507147524162,0.947876992883907
-0.545106864821755,0.961949978379943
-0.545729353770954,0.976178536450569
-0.546664970028381,0.990520954175972
-0.547591253782956,1.00479462518567
-0.548473789577572,1.01910629087442
-0.549336412746521,1.03301554407042
-0.550078252882195,1.04598174061209
-0.550983760316784,1.05767632060512
-0.552052122378709,1.068741031587
-0.552921243478261,1.07943973478261
-0.553876485502389,1.09009980133115
-0.554854958399194,1.10080911820607
-0.556201409018468,1.11163956960444
-0.557951102045688,1.12285233950779
-0.560189209404194,1.13453647734685
-0.562935648506754,1.14645052383489
-0.566489554205834,1.15935013534914
-0.570584450436391,1.17233756299819
-0.575715438285044,1.18566680266526
-0.581003734321535,1.19889032889766
-0.586865025765648,1.21215586384821
-0.592616590917838,1.22547577871645
-0.598231919608994,1.23850573158253
-0.603443513538682,1.25124063789398
-0.608764616511545,1.26409497157984
-0.61427726388441,1.27708631339566
-0.620070119313555,1.29023184020976
-0.625997177638633,1.30323386666033
-0.631966684937787,1.31590178015717
-0.638259937675414,1.32865990267601
-0.644734686304539,1.34108064076375
-0.652010499007503,1.35348027660122
-0.659987917523417,1.36568287210015
-0.668269001906941,1.37760853165522
-0.677191860470455,1.38894040990796
-0.68653562086024,1.40012189115078
-0.69571937909678,1.41107284956273
-0.704673185521498,1.4215113250042
-0.713503973311882,1.43155838797142
-0.722309740068047,1.44137992865742
-0.731454604430773,1.45142315895858
-0.739745120164595,1.46144360373638
-0.747646267106126,1.47042572663798
-0.755674717844742,1.4794163353811
-0.763494076676895,1.48784230043923
-0.771457769622096,1.49614894912791
-0.779354279537813,1.50450158885096
-0.7876181776447,1.51293038437212
-0.796186557372699,1.52176425199604
-0.805366010405701,1.5302965682874
-0.814523099506124,1.53820316779043
-0.823157940033754,1.54602611959028
-0.832010398370417,1.55432250597119
-0.841854009259038,1.56317380625224
-0.851755407377716,1.57244741127655
-0.862749335827276,1.58159641631542
-0.873585648709494,1.59094214503622
-0.884581569542482,1.598749264815
-0.895658256626019,1.60595419632033
-0.906794857244451,1.61333836202699
-0.917583203976346,1.62058772316682
-0.928939057740872,1.62737785242525
-0.94075686892212,1.63403568628377
-0.952446475496564,1.64101095127654
-0.964666148614394,1.64826754358283
-0.977097631454521,1.65602887214752
-0.990034411634177,1.66340990981063
-1.00346529814532,1.67043044860012
-1.01750759347779,1.67706130881033
-1.0318679004938,1.68343083080449
-1.04586283452541,1.68979477095589
-1.05983713842534,1.69549769491024
-1.07413107497358,1.70119835527742
-1.08926761566446,1.7059634001712
-1.10486293377179,1.71018979524747
-1.12028701465637,1.71382224451281
-1.13571611073798,1.71742810181749
-1.15083303849058,1.7211989554717
-1.16522360862323,1.72460319129469
-1.17947062645151,1.72788050910152
-1.19361031034814,1.73117164820179
-1.2078056454821,1.73371796771644
-1.22205829563458,1.73655638231442
-1.23693842784127,1.73811557953614
-1.25181596366532,1.74008994660297
-1.267148049551,1.74054320753371
-1.2825383296655,1.74088694853815
-1.29779238048228,1.74068480767849
-1.31260933334134,1.73977940312891
-1.32718924065558,1.73827852114726
-1.34149198796319,1.73643793233821
-1.35542877450251,1.73415198430923
-1.36905101625635,1.73082267671447
-1.38187078630111,1.72758373117787
-1.39443301487141,1.72360676392711
-1.40672037764284,1.71963952119889
-1.4192849155657,1.71551905603359
-1.43130226375212,1.71209357637259
-1.44391939183143,1.70810011858373
-1.45693595627789,1.70450528482402
-1.46898603177801,1.70125111221562
-1.48046039124209,1.6970437289205
-1.49092463645019,1.69295020852051
-1.50068636605851,1.68905211732188
-1.51100797538647,1.68456471890371
-1.52254075621059,1.67824350545576
-1.53394075502945,1.67263828389806
-1.54536050910244,1.66811681447377
-1.55596682407407,1.66388274485597
-1.56485070843271,1.65993410738628
-1.57361360556544,1.65591704102199
-1.58359156954546,1.65157294181818
-1.59322153803802,1.64556122272694
-1.60250394364025,1.63806923849075
-1.61161995010571,1.6295854435518
-1.62164212806003,1.62011410873883
-1.63215686665874,1.61036466111097
-1.64352094765574,1.60164182695197
-1.6550545067213,1.59368579239451
-1.66636071552742,1.58540079734321
-1.67763414175975,1.57689276509219
-1.68908665894149,1.56825732940674
-1.70116876937655,1.55950461518877
-1.71360755475425,1.55035566623825
-1.72609487913526,1.54027459826482
-1.73889185470062,1.53022251404121
-1.7516987991643,1.51960157608736
-1.7645091663503,1.50826912894176
-1.77740694809388,1.49730210202901
-1.78922645337877,1.48548886097026
-1.80099675586237,1.47473275815788
-1.8126119436572,1.46424070937632
-1.82398618505663,1.45351108300016
-1.83450796963155,1.44294683574937
-1.84423018562338,1.43231002035431
-1.85436489151209,1.42101200482605
-1.86365619031581,1.40941083102723
-1.87327989009075,1.39741120819529
-1.88244137682622,1.38620003940792
-1.89139933721394,1.37386157662246
-1.90023650449288,1.36177195879134
-1.90850307501574,1.34939442305271
-1.91647905060207,1.33673825812059
-1.92374380370943,1.32308437197321
-1.93105362993152,1.31118655295121
-1.93739076687898,1.29830250359003
-1.94341258218949,1.28615807547511
-1.94903826990622,1.27467843879318
-1.95356622012021,1.26308738008573
-1.95762969048744,1.25103205080524
-1.96129068308523,1.23933256102525
-1.96464852948586,1.22736867589356
-1.96797114283519,1.21556900526403
-1.97140887679083,1.20391419472302
-1.97534626037781,1.19208473562523
-1.97894022221215,1.1794846617407
-1.98249797941379,1.1668905821012
-1.98541851037493,1.15329751053445
-1.98842263524639,1.13961720355566
-1.99078595433649,1.12473470843953
-1.99376308045304,1.11027604297712
-1.99723523084255,1.09556924200342
-2.00044880144953,1.08052681442459
-2.00346390079893,1.06516989647137
-2.00654249116342,1.04923373413949
-2.00917729099526,1.03527828341232
-2.01167385210526,1.0204534156842
-2.01411279788443,1.00566941328079
-2.0167139635444,0.990368991076967
-2.01937906648089,0.973977123153503
-2.02262608793944,0.956703549559639
-2.02572706693878,0.939129781499751
-2.02895465860581,0.920749779384392
-2.03192586338862,0.902062292287002
-2.03372019452521,0.884045209063058
-2.03615563751565,0.865084270251497
-2.03842225764192,0.847351020960688
-2.04050927389223,0.83039700771134
-2.04176960630318,0.814524125668918
-2.04285553078564,0.798455490199607
-2.04349372008777,0.782402381819489
-2.04405102123067,0.766145825118506
-2.04429909536842,0.750157804207142
-2.04390490077649,0.733517637940509
-2.04376148088111,0.716477913244842
-2.04454616160249,0.699236837326975
-2.04456635961719,0.682458992690011
-2.04460596974594,0.66591185156735
-2.04467267777431,0.649342467743869
-2.04468501159291,0.632785079033999
-2.04439530111393,0.615910383659216
-2.04457575302386,0.599647972451609
-2.04439705051234,0.582345775789984
-2.04420799107867,0.56537987111779
-2.04435776156087,0.548032313959699
-2.04465938284133,0.530944581205333
